metric	n_samples	n_groups	exact_permutation_p	kruskal_h	epsilon_squared	q_value
nonchr15_large_cnv_count	11	4	0.33715728715728716	3.5104669887278597	0.07292385553255139	0.4375901875901876
nonchr15_large_cnv_total_mb	11	4	0.4375901875901876	3.057575757575755	0.008225108225107849	0.4375901875901876
